{
  "baseline": {
    "auroc": 0.6738,
    "interpretation": "Weak",
    "confidence_stats": {
      "correct_mean": 0.5431,
      "correct_std": 0.1846,
      "wrong_mean": 0.4349,
      "wrong_std": 0.1275,
      "gap": 0.1081,
      "n_correct": 628,
      "n_wrong": 645
    },
    "roc_curve": [
      [
        0.0,
        0.0
      ],
      [
        0.006201550387596899,
        0.0732484076433121
      ],
      [
        0.024806201550387597,
        0.1337579617834395
      ],
      [
        0.040310077519379844,
        0.19745222929936307
      ],
      [
        0.06821705426356589,
        0.2484076433121019
      ],
      [
        0.08527131782945736,
        0.3105095541401274
      ],
      [
        0.11317829457364341,
        0.3614649681528662
      ],
      [
        0.14883720930232558,
        0.40445859872611467
      ],
      [
        0.1875968992248062,
        0.4442675159235669
      ],
      [
        0.22325581395348837,
        0.4872611464968153
      ],
      [
        0.2558139534883721,
        0.5334394904458599
      ],
      [
        0.3023255813953488,
        0.5652866242038217
      ],
      [
        0.34108527131782945,
        0.6050955414012739
      ],
      [
        0.3875968992248062,
        0.6369426751592356
      ],
      [
        0.4310077519379845,
        0.6719745222929936
      ],
      [
        0.4806201550387597,
        0.7006369426751592
      ],
      [
        0.5364341085271318,
        0.7229299363057324
      ],
      [
        0.5736434108527132,
        0.7643312101910829
      ],
      [
        0.6263565891472869,
        0.7898089171974523
      ],
      [
        0.6728682170542636,
        0.821656050955414
      ],
      [
        0.7193798449612403,
        0.8535031847133758
      ],
      [
        0.7627906976744186,
        0.8885350318471338
      ],
      [
        0.8217054263565892,
        0.9076433121019108
      ],
      [
        0.875968992248062,
        0.9315286624203821
      ],
      [
        0.9286821705426357,
        0.9570063694267515
      ],
      [
        0.9767441860465116,
        0.9872611464968153
      ]
    ]
  },
  "finetuned": {
    "auroc": 0.7069,
    "interpretation": "Useful",
    "confidence_stats": {
      "correct_mean": 0.5873,
      "correct_std": 0.1904,
      "wrong_mean": 0.4555,
      "wrong_std": 0.1289,
      "gap": 0.1319,
      "n_correct": 665,
      "n_wrong": 608
    },
    "roc_curve": [
      [
        0.0,
        0.0
      ],
      [
        0.0,
        0.07518796992481203
      ],
      [
        0.014802631578947368,
        0.1368421052631579
      ],
      [
        0.024671052631578948,
        0.20300751879699247
      ],
      [
        0.04111842105263158,
        0.2631578947368421
      ],
      [
        0.06743421052631579,
        0.3142857142857143
      ],
      [
        0.10197368421052631,
        0.35789473684210527
      ],
      [
        0.13651315789473684,
        0.40150375939849625
      ],
      [
        0.16776315789473684,
        0.4481203007518797
      ],
      [
        0.1875,
        0.5052631578947369
      ],
      [
        0.22203947368421054,
        0.5488721804511278
      ],
      [
        0.2565789473684211,
        0.5924812030075188
      ],
      [
        0.3026315789473684,
        0.6255639097744361
      ],
      [
        0.3470394736842105,
        0.6601503759398496
      ],
      [
        0.3996710526315789,
        0.687218045112782
      ],
      [
        0.4440789473684211,
        0.7218045112781954
      ],
      [
        0.49506578947368424,
        0.750375939849624
      ],
      [
        0.5411184210526315,
        0.7834586466165413
      ],
      [
        0.59375,
        0.8105263157894737
      ],
      [
        0.649671052631579,
        0.8345864661654135
      ],
      [
        0.7023026315789473,
        0.8616541353383459
      ],
      [
        0.756578947368421,
        0.8872180451127819
      ],
      [
        0.8125,
        0.9112781954887218
      ],
      [
        0.8634868421052632,
        0.9398496240601504
      ],
      [
        0.9161184210526315,
        0.9669172932330827
      ],
      [
        0.9769736842105263,
        0.9864661654135338
      ]
    ]
  },
  "auroc_diff": 0.03310000000000002
}