{
  "checkpoint-10": {
    "coverage": 0.77,
    "abstain_rate": 0.23,
    "answered_acc": 0.6103896103896104,
    "dataset_wrong": 0.3,
    "pe_auroc": 0.3718518518518519
  },
  "checkpoint-20": {
    "coverage": 0.8,
    "abstain_rate": 0.2,
    "answered_acc": 0.5958333333333333,
    "dataset_wrong": 0.3233333333333333,
    "pe_auroc": 0.3868596681096681
  },
  "checkpoint-30": {
    "coverage": 0.8866666666666667,
    "abstain_rate": 0.11333333333333333,
    "answered_acc": 0.5902255639097744,
    "dataset_wrong": 0.36333333333333334,
    "pe_auroc": 0.4106713812956163
  },
  "checkpoint-40": {
    "coverage": 0.9166666666666666,
    "abstain_rate": 0.08333333333333333,
    "answered_acc": 0.5781818181818181,
    "dataset_wrong": 0.38666666666666666,
    "pe_auroc": 0.41946597760551246
  },
  "checkpoint-50": {
    "coverage": 0.8666666666666667,
    "abstain_rate": 0.13333333333333333,
    "answered_acc": 0.5807692307692308,
    "dataset_wrong": 0.36333333333333334,
    "pe_auroc": 0.4239718614718615
  },
  "checkpoint-60": {
    "coverage": 0.8833333333333333,
    "abstain_rate": 0.11666666666666667,
    "answered_acc": 0.5849056603773585,
    "dataset_wrong": 0.36666666666666664,
    "pe_auroc": 0.45297608343823054
  },
  "checkpoint-70": {
    "coverage": 0.7966666666666666,
    "abstain_rate": 0.20333333333333334,
    "answered_acc": 0.606694560669456,
    "dataset_wrong": 0.31333333333333335,
    "pe_auroc": 0.5019390331890332
  },
  "checkpoint-80": {
    "coverage": 0.56,
    "abstain_rate": 0.44,
    "answered_acc": 0.6607142857142857,
    "dataset_wrong": 0.19,
    "pe_auroc": 0.5190295815295816
  },
  "checkpoint-90": {
    "coverage": 0.5066666666666667,
    "abstain_rate": 0.49333333333333335,
    "answered_acc": 0.6973684210526315,
    "dataset_wrong": 0.15333333333333332,
    "pe_auroc": 0.5390090212611633
  },
  "checkpoint-100": {
    "coverage": 0.6633333333333333,
    "abstain_rate": 0.33666666666666667,
    "answered_acc": 0.628140703517588,
    "dataset_wrong": 0.24666666666666667,
    "pe_auroc": 0.5712209302325582
  },
  "checkpoint-110": {
    "coverage": 0.78,
    "abstain_rate": 0.22,
    "answered_acc": 0.6196581196581197,
    "dataset_wrong": 0.2966666666666667,
    "pe_auroc": 0.5827553379572964
  },
  "checkpoint-120": {
    "coverage": 0.51,
    "abstain_rate": 0.49,
    "answered_acc": 0.6993464052287581,
    "dataset_wrong": 0.15333333333333332,
    "pe_auroc": 0.5690045248868778
  },
  "checkpoint-130": {
    "coverage": 0.39666666666666667,
    "abstain_rate": 0.6033333333333334,
    "answered_acc": 0.7647058823529411,
    "dataset_wrong": 0.09333333333333334,
    "pe_auroc": 0.5939366515837103
  },
  "checkpoint-140": {
    "coverage": 0.5066666666666667,
    "abstain_rate": 0.49333333333333335,
    "answered_acc": 0.7039473684210527,
    "dataset_wrong": 0.15,
    "pe_auroc": 0.6188235294117648
  },
  "checkpoint-150": {
    "coverage": 0.5766666666666667,
    "abstain_rate": 0.42333333333333334,
    "answered_acc": 0.653179190751445,
    "dataset_wrong": 0.2,
    "pe_auroc": 0.6198830409356725
  },
  "checkpoint-160": {
    "coverage": 0.81,
    "abstain_rate": 0.19,
    "answered_acc": 0.5925925925925926,
    "dataset_wrong": 0.33,
    "pe_auroc": 0.6257267441860466
  },
  "checkpoint-170": {
    "coverage": 0.7,
    "abstain_rate": 0.3,
    "answered_acc": 0.6238095238095238,
    "dataset_wrong": 0.2633333333333333,
    "pe_auroc": 0.6371945701357465
  },
  "checkpoint-180": {
    "coverage": 0.52,
    "abstain_rate": 0.48,
    "answered_acc": 0.6923076923076923,
    "dataset_wrong": 0.16,
    "pe_auroc": 0.6498015873015873
  },
  "checkpoint-190": {
    "coverage": 0.36333333333333334,
    "abstain_rate": 0.6366666666666667,
    "answered_acc": 0.7706422018348624,
    "dataset_wrong": 0.08333333333333333,
    "pe_auroc": 0.6671461967272074
  },
  "checkpoint-200": {
    "coverage": 0.5333333333333333,
    "abstain_rate": 0.4666666666666667,
    "answered_acc": 0.6875,
    "dataset_wrong": 0.16666666666666666,
    "pe_auroc": 0.6430826118326118
  },
  "checkpoint-210": {
    "coverage": 0.5166666666666667,
    "abstain_rate": 0.48333333333333334,
    "answered_acc": 0.6967741935483871,
    "dataset_wrong": 0.15666666666666668,
    "pe_auroc": 0.6409886992931431
  },
  "checkpoint-220": {
    "coverage": 0.6266666666666667,
    "abstain_rate": 0.37333333333333335,
    "answered_acc": 0.6436170212765957,
    "dataset_wrong": 0.22333333333333333,
    "pe_auroc": 0.6396554834054833
  },
  "checkpoint-230": {
    "coverage": 0.8,
    "abstain_rate": 0.2,
    "answered_acc": 0.6125,
    "dataset_wrong": 0.31,
    "pe_auroc": 0.6341751453488371
  },
  "checkpoint-240": {
    "coverage": 0.6866666666666666,
    "abstain_rate": 0.31333333333333335,
    "answered_acc": 0.6262135922330098,
    "dataset_wrong": 0.25666666666666665,
    "pe_auroc": 0.6162564032821072
  },
  "checkpoint-250": {
    "coverage": 0.69,
    "abstain_rate": 0.31,
    "answered_acc": 0.6231884057971014,
    "dataset_wrong": 0.26,
    "pe_auroc": 0.609547123623011
  },
  "checkpoint-260": {
    "coverage": 0.6666666666666666,
    "abstain_rate": 0.3333333333333333,
    "answered_acc": 0.635,
    "dataset_wrong": 0.24333333333333335,
    "pe_auroc": 0.6185501453488371
  },
  "checkpoint-270": {
    "coverage": 0.5733333333333334,
    "abstain_rate": 0.4266666666666667,
    "answered_acc": 0.6627906976744186,
    "dataset_wrong": 0.19333333333333333,
    "pe_auroc": 0.6145530523255814
  },
  "checkpoint-280": {
    "coverage": 0.62,
    "abstain_rate": 0.38,
    "answered_acc": 0.6505376344086021,
    "dataset_wrong": 0.21666666666666667,
    "pe_auroc": 0.6295571435073506
  },
  "checkpoint-290": {
    "coverage": 0.73,
    "abstain_rate": 0.27,
    "answered_acc": 0.6301369863013698,
    "dataset_wrong": 0.27,
    "pe_auroc": 0.6347002867416138
  },
  "checkpoint-300": {
    "coverage": 0.79,
    "abstain_rate": 0.21,
    "answered_acc": 0.6075949367088608,
    "dataset_wrong": 0.31,
    "pe_auroc": 0.6398074127906975
  },
  "checkpoint-310": {
    "coverage": 0.8266666666666667,
    "abstain_rate": 0.17333333333333334,
    "answered_acc": 0.5967741935483871,
    "dataset_wrong": 0.3333333333333333,
    "pe_auroc": 0.6407692307692306
  },
  "checkpoint-320": {
    "coverage": 0.67,
    "abstain_rate": 0.33,
    "answered_acc": 0.6318407960199005,
    "dataset_wrong": 0.24666666666666667,
    "pe_auroc": 0.6428668570651435
  },
  "checkpoint-330": {
    "coverage": 0.5533333333333333,
    "abstain_rate": 0.44666666666666666,
    "answered_acc": 0.6867469879518072,
    "dataset_wrong": 0.17333333333333334,
    "pe_auroc": 0.641552200915726
  },
  "checkpoint-340": {
    "coverage": 0.5833333333333334,
    "abstain_rate": 0.4166666666666667,
    "answered_acc": 0.68,
    "dataset_wrong": 0.18666666666666668,
    "pe_auroc": 0.6512536337209303
  },
  "checkpoint-350": {
    "coverage": 0.5533333333333333,
    "abstain_rate": 0.44666666666666666,
    "answered_acc": 0.6927710843373494,
    "dataset_wrong": 0.17,
    "pe_auroc": 0.6496638808139535
  },
  "checkpoint-360": {
    "coverage": 0.6533333333333333,
    "abstain_rate": 0.3466666666666667,
    "answered_acc": 0.6377551020408163,
    "dataset_wrong": 0.23666666666666666,
    "pe_auroc": 0.6461210029069768
  },
  "checkpoint-370": {
    "coverage": 0.6733333333333333,
    "abstain_rate": 0.32666666666666666,
    "answered_acc": 0.6386138613861386,
    "dataset_wrong": 0.24333333333333335,
    "pe_auroc": 0.6458030523255813
  },
  "checkpoint-380": {
    "coverage": 0.6833333333333333,
    "abstain_rate": 0.31666666666666665,
    "answered_acc": 0.6390243902439025,
    "dataset_wrong": 0.24666666666666667,
    "pe_auroc": 0.6448045150425561
  },
  "checkpoint-390": {
    "coverage": 0.6466666666666666,
    "abstain_rate": 0.35333333333333333,
    "answered_acc": 0.634020618556701,
    "dataset_wrong": 0.23666666666666666,
    "pe_auroc": 0.644955300127714
  },