{
  "checkpoint-25": {
    "coverage": 0.9057344854673999,
    "abstain_rate": 0.09426551453260015,
    "answered_acc": 0.5784908933217693,
    "dataset_wrong": 0.38177533385703066,
    "pe_auroc": 0.3822782161645146,
    "max_pe": 0.3614385426044464
  },
  "checkpoint-50": {
    "coverage": 0.8923802042419482,
    "abstain_rate": 0.10761979575805185,
    "answered_acc": 0.5827464788732394,
    "dataset_wrong": 0.3723487824037706,
    "pe_auroc": 0.38447637693288694,
    "max_pe": 0.36400535702705383
  },
  "checkpoint-75": {
    "coverage": 0.8986645718774549,
    "abstain_rate": 0.10133542812254517,
    "answered_acc": 0.5812937062937062,
    "dataset_wrong": 0.3762765121759623,
    "pe_auroc": 0.38794345331558766,
    "max_pe": 0.3708636462688446
  },
  "checkpoint-100": {
    "coverage": 0.9253731343283582,
    "abstain_rate": 0.07462686567164178,
    "answered_acc": 0.5721561969439728,
    "dataset_wrong": 0.39591516103692065,
    "pe_auroc": 0.39027033761056434,
    "max_pe": 0.3728730082511902
  },
  "checkpoint-125": {
    "coverage": 0.9520816967792616,
    "abstain_rate": 0.047918303220738416,
    "answered_acc": 0.5610561056105611,
    "dataset_wrong": 0.417910447761194,
    "pe_auroc": 0.3962878776549875,
    "max_pe": 0.37573331594467163
  },
  "checkpoint-150": {
    "coverage": 0.9497250589159466,
    "abstain_rate": 0.05027494108405342,
    "answered_acc": 0.5632754342431762,
    "dataset_wrong": 0.4147682639434407,
    "pe_auroc": 0.40425844785731735,
    "max_pe": 0.3788982331752777
  },
  "checkpoint-175": {
    "coverage": 0.9426551453260016,
    "abstain_rate": 0.05734485467399843,
    "answered_acc": 0.5633333333333334,
    "dataset_wrong": 0.41162608012568735,
    "pe_auroc": 0.41017939454341595,
    "max_pe": 0.3958771228790283
  },
  "checkpoint-200": {
    "coverage": 0.9646504320502749,
    "abstain_rate": 0.03534956794972506,
    "answered_acc": 0.5578175895765473,
    "dataset_wrong": 0.4265514532600157,
    "pe_auroc": 0.41740373314209445,
    "max_pe": 0.3836469054222107
  },
  "checkpoint-225": {
    "coverage": 0.98586017282011,
    "abstain_rate": 0.014139827179890024,
    "answered_acc": 0.551394422310757,
    "dataset_wrong": 0.4422623723487824,
    "pe_auroc": 0.42852407371406637,
    "max_pe": 0.3756067156791687
  },
  "checkpoint-250": {
    "coverage": 0.9992144540455616,
    "abstain_rate": 0.0007855459544383347,
    "answered_acc": 0.5495283018867925,
    "dataset_wrong": 0.45011783189316573,
    "pe_auroc": 0.440891168568338,
    "max_pe": 0.3583327829837799
  },
  "checkpoint-275": {
    "coverage": 0.9937156323644933,
    "abstain_rate": 0.006284367635506678,
    "answered_acc": 0.5501976284584981,
    "dataset_wrong": 0.4469756480754124,
    "pe_auroc": 0.4386505361068326,
    "max_pe": 0.3659246563911438
  },
  "checkpoint-300": {
    "coverage": 0.9984289080911233,
    "abstain_rate": 0.0015710919088766694,
    "answered_acc": 0.5483870967741935,
    "dataset_wrong": 0.4509033778476041,
    "pe_auroc": 0.44818238445247294,
    "max_pe": 0.353221595287323
  }
}