{
  "checkpoint-25": {
    "coverage": 0.9057344854673999,
    "abstain_rate": 0.09426551453260015,
    "answered_acc": 0.5810928013876843,
    "dataset_wrong": 0.37941869599371564,
    "pe_auroc": 0.3843270376296651,
    "max_pe": 0.3624266982078552
  },
  "checkpoint-50": {
    "coverage": 0.9096622152395916,
    "abstain_rate": 0.09033778476040849,
    "answered_acc": 0.575993091537133,
    "dataset_wrong": 0.3857030636292223,
    "pe_auroc": 0.386008476689105,
    "max_pe": 0.36291173100471497
  },
  "checkpoint-75": {
    "coverage": 0.9128043990573449,
    "abstain_rate": 0.08719560094265515,
    "answered_acc": 0.5774526678141136,
    "dataset_wrong": 0.3857030636292223,
    "pe_auroc": 0.3882533503032118,
    "max_pe": 0.365546852350235
  },
  "checkpoint-100": {
    "coverage": 0.8970934799685781,
    "abstain_rate": 0.10290652003142184,
    "answered_acc": 0.5805604203152365,
    "dataset_wrong": 0.3762765121759623,
    "pe_auroc": 0.3871054599850411,
    "max_pe": 0.37498921155929565
  },
  "checkpoint-125": {
    "coverage": 0.8908091123330715,
    "abstain_rate": 0.10919088766692851,
    "answered_acc": 0.5846560846560847,
    "dataset_wrong": 0.3699921445404556,
    "pe_auroc": 0.3870929942657691,
    "max_pe": 0.3765803575515747
  },
  "checkpoint-150": {
    "coverage": 0.8798114689709348,
    "abstain_rate": 0.1201885310290652,
    "answered_acc": 0.5892857142857143,
    "dataset_wrong": 0.36135113904163396,
    "pe_auroc": 0.38429330065359474,
    "max_pe": 0.3783641457557678
  },
  "checkpoint-175": {
    "coverage": 0.8805970149253731,
    "abstain_rate": 0.11940298507462686,
    "answered_acc": 0.5905441570026762,
    "dataset_wrong": 0.3605655930871956,
    "pe_auroc": 0.3881426078284717,
    "max_pe": 0.38483190536499023
  },
  "checkpoint-200": {
    "coverage": 0.8829536527886881,
    "abstain_rate": 0.11704634721131187,
    "answered_acc": 0.5862989323843416,
    "dataset_wrong": 0.3652788688138256,
    "pe_auroc": 0.3857379842180774,
    "max_pe": 0.3857140839099884
  },
  "checkpoint-225": {
    "coverage": 0.8798114689709348,
    "abstain_rate": 0.1201885310290652,
    "answered_acc": 0.5910714285714286,
    "dataset_wrong": 0.35978004713275724,
    "pe_auroc": 0.3905833823808146,
    "max_pe": 0.38604021072387695
  },
  "checkpoint-250": {
    "coverage": 0.8853102906520032,
    "abstain_rate": 0.11468970934799685,
    "answered_acc": 0.5874001774622892,
    "dataset_wrong": 0.3652788688138256,
    "pe_auroc": 0.3866000707830499,
    "max_pe": 0.385387659072876
  },
  "checkpoint-270": {
    "coverage": 0.8813825608798115,
    "abstain_rate": 0.11861743912018853,
    "answered_acc": 0.5882352941176471,
    "dataset_wrong": 0.3629222309505106,
    "pe_auroc": 0.3868244674224493,
    "max_pe": 0.38604265451431274
  },
  "final": {
    "coverage": 0.8813825608798115,
    "abstain_rate": 0.11861743912018853,
    "answered_acc": 0.5882352941176471,
    "dataset_wrong": 0.3629222309505106,
    "pe_auroc": 0.3868244674224493,
    "max_pe": 0.38604265451431274
  }
}