{
  "checkpoint-25": {
    "coverage": 0.9041633935585232,
    "abstain_rate": 0.09583660644147683,
    "answered_acc": 0.577758470894874,
    "dataset_wrong": 0.38177533385703066,
    "pe_auroc": 0.3811081894061635,
    "max_pe": 0.3649432063102722
  },
  "checkpoint-50": {
    "coverage": 0.9010212097407698,
    "abstain_rate": 0.09897879025923016,
    "answered_acc": 0.5780296425457716,
    "dataset_wrong": 0.38020424194815394,
    "pe_auroc": 0.3846293758564844,
    "max_pe": 0.3697925806045532
  },
  "checkpoint-75": {
    "coverage": 0.9112333071484682,
    "abstain_rate": 0.08876669285153181,
    "answered_acc": 0.575,
    "dataset_wrong": 0.38727415553809896,
    "pe_auroc": 0.38910738586233196,
    "max_pe": 0.3754899799823761
  },
  "checkpoint-100": {
    "coverage": 0.9041633935585232,
    "abstain_rate": 0.09583660644147683,
    "answered_acc": 0.579496090356212,
    "dataset_wrong": 0.38020424194815394,
    "pe_auroc": 0.3919760932741148,
    "max_pe": 0.37729957699775696
  },
  "checkpoint-125": {
    "coverage": 0.9167321288295365,
    "abstain_rate": 0.08326787117046347,
    "answered_acc": 0.5749785775492716,
    "dataset_wrong": 0.389630793401414,
    "pe_auroc": 0.397291640712595,
    "max_pe": 0.3769198954105377
  },
  "checkpoint-150": {
    "coverage": 0.9088766692851532,
    "abstain_rate": 0.09112333071484682,
    "answered_acc": 0.5799481417458946,
    "dataset_wrong": 0.38177533385703066,
    "pe_auroc": 0.40481924707055594,
    "max_pe": 0.3848041892051697
  },
  "checkpoint-175": {
    "coverage": 0.9104477611940298,
    "abstain_rate": 0.08955223880597014,
    "answered_acc": 0.5754961173425367,
    "dataset_wrong": 0.38648860958366066,
    "pe_auroc": 0.4000323906814501,
    "max_pe": 0.390832781791687
  },
  "checkpoint-200": {
    "coverage": 0.9041633935585232,
    "abstain_rate": 0.09583660644147683,
    "answered_acc": 0.579496090356212,
    "dataset_wrong": 0.38020424194815394,
    "pe_auroc": 0.3995099503974183,
    "max_pe": 0.3867410123348236
  },
  "checkpoint-225": {
    "coverage": 0.9135899450117831,
    "abstain_rate": 0.08641005498821681,
    "answered_acc": 0.5760963026655203,
    "dataset_wrong": 0.38727415553809896,
    "pe_auroc": 0.4089512484662271,
    "max_pe": 0.38695967197418213
  },
  "checkpoint-250": {
    "coverage": 0.9049489395129615,
    "abstain_rate": 0.09505106048703849,
    "answered_acc": 0.578125,
    "dataset_wrong": 0.38177533385703066,
    "pe_auroc": 0.4076868210249095,
    "max_pe": 0.3869578242301941
  },
  "checkpoint-270": {
    "coverage": 0.9120188531029065,
    "abstain_rate": 0.08798114689709348,
    "answered_acc": 0.5770887166236004,
    "dataset_wrong": 0.3857030636292223,
    "pe_auroc": 0.40795866045509416,
    "max_pe": 0.3924771249294281
  },
  "final": {
    "coverage": 0.9120188531029065,
    "abstain_rate": 0.08798114689709348,
    "answered_acc": 0.5770887166236004,
    "dataset_wrong": 0.3857030636292223,
    "pe_auroc": 0.40795866045509416,
    "max_pe": 0.3924771249294281
  }
}